{
    "displacement": 194.41198979591837,
    "horsepower": 104.46938775510205,
    "weight": 2977.5841836734694,
    "acceleration": 15.541326530612244,
    "model_year": 75.9795918367347
}